user_id,game_type,level,accuracy,response_time,mistakes,score,recommended_difficulty
U001,memory,1,87,15.43,3,83.27,hard
U001,attention,3,46,26.27,8,46.32,easy
U001,memory,3,67,8.86,1,73.24,medium
U001,attention,1,72,24.25,8,65.12,medium
U001,attention,3,81,26.94,6,72.62,medium
U001,attention,2,77,15.51,0,79.25,medium
U001,attention,3,67,17.19,2,69.74,medium
U001,attention,2,46,10.5,1,58.05,easy
U001,pattern,2,78,15.14,0,80.06,hard
U001,recall,3,47,34.27,6,46.62,easy
U002,memory,3,58,30.39,5,56.48,easy
U002,attention,3,44,9.24,3,55.03,easy
U002,pattern,1,94,14.29,1,90.51,hard
U002,recall,2,69,25.16,5,65.75,medium
U002,attention,2,62,13.66,4,65.3,medium
U002,memory,3,80,12.62,3,79.21,medium
U002,attention,2,64,15.29,8,62.21,medium
U002,attention,3,60,30.76,0,62.77,medium
U002,attention,1,91,16.52,4,84.74,hard
U002,memory,1,98,33.46,5,83.56,hard
U003,attention,3,71,18.68,7,67.1,medium
U003,attention,2,48,14.66,8,51.2,easy
U003,pattern,3,77,19.57,6,72.03,medium
U003,pattern,1,48,21.76,1,56.07,easy
U003,memory,1,49,24.94,6,50.82,easy
U003,memory,2,64,24.09,7,60.57,medium
U003,pattern,3,95,33.45,1,85.47,hard
U003,pattern,3,61,11.01,6,63.4,medium
U003,attention,2,40,33.75,4,43.88,easy
U003,attention,3,98,10.87,4,91.34,hard
U004,attention,1,63,28.59,8,57.52,easy
U004,memory,3,60,21.19,1,64.64,medium
U004,pattern,2,55,9.56,1,64.63,medium
U004,memory,3,71,30.03,8,62.69,medium
U004,attention,1,82,20.83,8,73.15,medium
U004,attention,2,73,31.56,6,65.63,medium
U004,attention,3,88,27.71,3,80.29,hard
U004,pattern,2,82,25.55,7,72.73,medium
U004,recall,1,55,14.07,5,59.28,easy
U004,memory,3,75,14.21,3,75.24,medium
U005,memory,1,85,25.04,3,78.99,medium
U005,memory,1,95,16.92,8,83.42,hard
U005,attention,2,82,21.11,8,73.07,medium
U005,attention,3,96,23.42,7,83.17,hard
U005,attention,2,91,18.99,1,87.0,hard
U005,memory,3,67,17.57,6,65.63,medium
U005,recall,3,43,26.18,1,51.25,easy
U005,memory,2,86,17.16,1,84.05,hard
U005,attention,1,52,22.48,2,57.66,easy
U005,recall,1,57,20.49,1,62.75,medium
U006,recall,3,46,9.37,8,51.39,easy
U006,memory,1,88,30.91,2,80.33,hard
U006,recall,2,70,13.77,6,68.87,medium
U006,memory,1,64,8.06,6,66.38,medium
U006,pattern,2,58,19.42,8,56.77,easy
U006,recall,1,52,16.01,0,61.6,medium
U006,memory,3,60,9.54,7,62.14,medium
U006,attention,1,72,10.16,2,75.35,medium
U006,memory,3,44,26.23,3,49.93,easy
U006,recall,1,96,23.38,0,90.19,hard
U007,memory,2,82,23.76,8,72.27,medium
U007,pattern,2,53,26.08,5,54.28,easy
U007,attention,2,65,11.53,4,68.04,medium
U007,recall,2,88,33.26,0,81.62,hard
U007,recall,3,76,34.89,1,71.73,medium
U007,attention,3,56,11.58,5,60.73,medium
U007,memory,1,63,15.69,7,62.39,medium
U007,pattern,3,91,25.66,0,86.0,hard
U007,pattern,3,46,33.35,2,50.19,easy
U007,pattern,1,96,10.89,8,85.93,hard
U008,attention,2,58,24.33,5,58.3,easy
U008,attention,3,80,31.03,8,68.69,medium
U008,recall,2,97,32.52,0,88.14,hard
U008,memory,3,67,30.39,0,67.78,medium
U008,memory,2,89,11.53,4,84.84,hard
U008,attention,3,68,22.9,6,64.73,medium
U008,memory,1,44,33.52,2,48.74,easy
U008,memory,2,77,22.92,6,71.02,medium
U008,attention,1,59,17.85,0,65.94,medium
U008,pattern,1,83,14.74,1,82.68,hard
U009,pattern,3,96,31.62,2,85.71,hard
U009,attention,1,91,29.89,6,78.73,medium
U009,memory,1,87,32.96,6,75.01,medium
U009,attention,2,50,29.26,1,55.22,easy
U009,recall,1,94,20.71,3,86.59,hard
U009,recall,2,59,30.15,3,59.25,easy
U009,attention,1,82,13.21,5,78.44,medium
U009,pattern,1,89,15.54,8,79.64,medium
U009,recall,3,93,22.48,0,88.36,hard
U009,memory,2,51,23.68,4,54.6,easy
U010,memory,1,78,19.73,5,73.68,medium
U010,recall,3,72,11.12,3,74.06,medium
U010,pattern,1,85,19.77,8,75.57,medium
U010,attention,2,67,9.89,5,68.93,medium
U010,pattern,3,94,11.36,4,88.39,hard
U010,pattern,3,66,16.81,4,67.16,medium
U010,attention,1,66,25.95,6,62.41,medium
U010,attention,3,76,16.13,8,70.36,medium
U010,memory,2,58,13.67,5,61.5,medium
U010,recall,2,68,26.24,8,61.73,medium
U011,recall,3,50,25.79,4,53.26,easy
U011,pattern,1,92,33.7,3,81.29,hard
U011,pattern,1,91,13.38,0,89.69,hard
U011,memory,1,70,24.5,1,70.65,medium
U011,recall,2,96,25.0,3,86.7,hard
U011,recall,2,65,14.59,0,71.12,medium
U011,memory,2,54,12.75,8,55.97,easy
U011,recall,1,75,14.73,1,77.08,medium
U011,recall,1,91,20.55,8,79.53,medium
U011,pattern,2,79,30.01,8,68.3,medium
U012,recall,3,68,32.22,7,60.93,medium
U012,recall,2,88,14.68,4,83.2,hard
U012,recall,3,55,15.41,1,62.88,medium
U012,pattern,1,57,17.07,8,56.78,easy
U012,memory,1,49,14.24,2,58.03,easy
U012,attention,1,66,19.01,8,62.5,medium
U012,recall,2,43,13.58,6,50.03,easy
U012,recall,3,84,8.53,6,80.24,hard
U012,recall,1,62,16.06,6,62.58,medium
U012,recall,3,87,27.84,3,79.55,medium
U013,recall,1,57,19.77,0,63.97,medium
U013,recall,2,82,26.34,6,73.5,medium
U013,attention,2,98,11.45,8,87.16,hard
U013,memory,2,77,23.24,0,76.93,medium
U013,memory,3,67,11.66,7,66.4,medium
U013,attention,1,56,18.24,3,60.73,medium
U013,recall,2,61,28.55,6,58.13,easy
U013,pattern,2,56,30.54,7,53.04,easy
U013,memory,3,74,9.41,5,73.98,medium
U013,attention,3,44,29.09,0,52.07,easy
U014,memory,1,52,30.66,2,55.2,easy
U014,attention,1,70,26.08,3,68.18,medium
U014,recall,3,56,28.71,2,58.59,easy
U014,memory,1,59,10.92,0,68.02,medium
U014,pattern,3,83,32.52,6,72.34,medium
U014,recall,3,52,10.05,3,60.38,medium
U014,memory,3,89,16.14,1,86.46,hard
U014,memory,2,74,19.57,5,70.93,medium
U014,memory,3,81,17.21,6,75.54,medium
U014,recall,1,67,33.94,7,59.72,easy
U015,attention,2,51,27.81,4,53.36,easy
U015,recall,2,67,30.29,4,63.81,medium
U015,pattern,1,93,33.23,4,81.13,hard
U015,recall,1,88,20.55,6,79.44,medium
U015,pattern,1,71,30.98,2,68.41,medium
U015,recall,1,62,29.54,5,59.54,easy
U015,pattern,3,84,31.76,8,71.27,medium
U015,memory,3,52,10.31,6,57.31,easy
U015,recall,3,88,14.49,7,80.25,hard
U015,recall,2,90,8.47,4,86.46,hard
U016,attention,2,84,14.57,5,79.43,medium
U016,recall,3,73,17.28,8,67.92,medium
U016,pattern,2,84,20.25,4,78.72,medium
U016,pattern,1,47,27.47,5,49.66,easy
U016,memory,3,74,33.67,2,69.7,medium
U016,attention,1,87,21.07,8,76.58,medium
U016,pattern,1,93,13.24,3,88.13,hard
U016,pattern,1,59,8.38,8,60.79,medium
U016,attention,2,42,34.31,8,41.11,easy
U016,pattern,3,48,25.22,7,49.03,easy
U017,memory,1,76,15.68,7,71.5,medium
U017,recall,2,51,34.07,4,51.48,easy
U017,recall,1,92,9.76,7,84.47,hard
U017,memory,3,80,26.53,2,76.04,medium
U017,attention,3,59,10.3,3,65.21,medium
U017,memory,3,88,19.24,3,82.83,hard
U017,recall,2,98,19.95,6,86.61,hard
U017,pattern,3,79,9.63,1,81.41,hard
U017,attention,3,53,15.15,1,61.55,medium
U017,attention,1,51,22.9,2,56.83,easy
U018,memory,2,68,26.61,7,62.62,medium
U018,pattern,1,54,15.78,4,59.07,easy
U018,recall,1,83,14.3,4,79.81,medium
U018,attention,2,47,22.7,2,54.09,easy
U018,pattern,1,44,9.61,4,53.92,easy
U018,pattern,2,47,20.65,4,52.7,easy
U018,recall,2,72,22.58,7,66.63,medium
U018,memory,3,42,32.01,5,44.8,easy
U018,pattern,1,45,14.18,0,57.25,easy
U018,pattern,3,42,28.6,2,48.82,easy
U019,recall,3,81,19.94,4,76.72,medium
U019,attention,3,67,25.14,7,62.36,medium
U019,memory,2,62,19.03,5,62.69,medium
U019,memory,1,61,19.11,7,59.97,easy
U019,pattern,3,65,29.97,8,58.51,easy
U019,memory,2,45,16.49,5,51.55,easy
U019,memory,2,95,21.89,0,89.93,hard
U019,recall,2,43,13.06,5,51.18,easy
U019,recall,3,68,28.52,3,66.04,medium
U019,pattern,3,48,33.05,7,46.68,easy
U020,recall,1,41,34.27,3,45.42,easy
U020,attention,2,75,8.37,6,73.99,medium
U020,memory,1,93,32.65,7,78.3,medium
U020,memory,3,93,12.16,4,87.45,hard
U020,pattern,2,93,21.03,7,81.79,hard
U020,attention,2,75,11.91,3,75.93,medium
U020,attention,1,57,28.86,6,55.24,easy
U020,pattern,3,57,30.15,4,56.86,easy
U020,pattern,3,77,34.97,7,66.41,medium
U020,attention,2,74,21.08,5,70.48,medium
U021,recall,2,60,31.48,3,59.56,easy
U021,recall,1,94,28.94,0,87.12,hard
U021,pattern,3,70,27.04,6,64.89,medium
U021,recall,3,90,30.16,2,81.95,hard
U021,recall,1,48,21.56,5,52.13,easy
U021,memory,2,46,22.2,7,48.54,easy
U021,memory,3,49,19.07,2,56.58,easy
U021,memory,2,90,34.17,5,77.75,medium
U021,recall,3,45,31.0,8,44.2,easy
U021,recall,2,80,27.41,7,70.78,medium
U022,memory,3,44,14.34,4,52.5,easy
U022,attention,3,45,19.72,1,54.58,easy
U022,memory,2,50,26.74,0,56.98,easy
U022,memory,2,90,9.52,5,85.14,hard
U022,pattern,2,49,14.59,6,53.92,easy
U022,attention,1,51,10.13,6,56.66,easy
U022,attention,2,98,23.75,3,88.47,hard
U022,recall,3,56,20.41,0,63.08,medium
U022,recall,2,83,22.76,1,80.27,hard
U022,recall,2,77,16.08,6,73.08,medium
U023,pattern,2,94,16.16,6,84.95,hard
U023,recall,1,55,18.3,5,58.01,easy
U023,pattern,3,58,8.59,6,62.02,medium
U023,pattern,1,76,31.36,0,73.79,medium
U023,recall,2,89,29.57,5,78.43,medium
U023,attention,3,52,24.76,2,56.97,easy
U023,memory,3,81,9.06,7,76.98,medium
U023,memory,3,63,27.77,1,64.77,medium
U023,pattern,2,87,19.22,3,82.13,hard
U023,attention,3,96,34.23,8,78.93,medium
U024,pattern,1,56,32.68,7,52.4,easy
U024,pattern,3,95,17.15,1,90.36,hard
U024,recall,1,49,28.36,3,52.79,easy
U024,recall,3,63,10.44,6,64.97,medium
U024,memory,2,74,11.34,5,73.4,medium
U024,pattern,3,64,30.21,5,60.74,medium
U024,memory,3,54,20.73,8,53.58,easy
U024,pattern,3,54,25.49,7,53.15,easy
U024,pattern,3,66,11.15,0,72.85,medium
U024,memory,2,71,11.14,3,73.36,medium
U025,attention,2,69,18.02,8,64.89,medium
U025,recall,3,87,27.62,6,76.61,medium
U025,memory,2,79,19.02,4,75.59,medium
U025,memory,3,63,13.87,7,62.94,medium
U025,attention,2,46,34.49,5,46.85,easy
U025,pattern,1,65,15.45,1,69.87,medium
U025,recall,1,82,13.73,0,83.28,hard
U025,memory,2,55,34.7,3,55.09,easy
U025,memory,3,53,23.83,3,56.95,easy
U025,pattern,1,90,32.31,0,83.31,hard
U026,pattern,1,48,22.59,2,54.82,easy
U026,memory,3,95,8.7,0,93.89,hard
U026,pattern,1,77,16.74,2,76.88,medium
U026,pattern,1,48,28.03,8,47.19,easy
U026,memory,3,44,20.86,5,49.54,easy
U026,memory,2,72,13.98,0,76.21,medium
U026,pattern,2,81,34.03,0,76.49,medium
U026,recall,2,67,26.52,7,61.94,medium
U026,recall,1,97,10.18,2,92.85,hard
U026,memory,1,57,24.86,8,54.44,easy
U027,pattern,2,78,22.33,7,70.9,medium
U027,recall,1,90,26.95,8,76.91,medium
U027,attention,2,68,31.98,6,62.01,medium
U027,pattern,2,65,19.23,1,68.73,medium
U027,pattern,2,60,25.96,5,59.21,easy
U027,attention,3,70,9.81,1,75.06,medium
U027,memory,2,46,28.1,5,48.77,easy
U027,attention,3,43,23.83,8,44.95,easy
U027,pattern,3,47,19.09,6,51.17,easy
U027,memory,2,78,16.44,1,78.67,medium
U028,attention,1,82,21.02,1,80.09,hard
U028,pattern,3,63,11.1,4,66.77,medium
U028,attention,2,94,23.15,8,80.86,hard
U028,memory,3,82,30.4,4,74.28,medium
U028,memory,1,57,26.97,4,57.81,easy
U028,pattern,2,40,12.9,2,52.13,easy
U028,recall,1,49,28.01,0,55.9,easy
U028,memory,3,73,13.81,6,70.96,medium
U028,recall,2,50,17.99,5,54.6,easy
U028,memory,1,49,12.25,0,60.62,medium
U029,memory,2,68,25.87,7,62.84,medium
U029,recall,2,57,13.82,8,57.75,easy
U029,memory,2,67,10.99,7,66.6,medium
U029,pattern,1,54,18.67,0,62.2,medium
U029,memory,1,59,33.52,2,59.24,easy
U029,pattern,2,60,11.24,7,61.63,medium
U029,recall,1,48,18.27,3,55.12,easy
U029,pattern,1,65,31.27,0,66.12,medium
U029,recall,1,69,32.87,5,63.44,medium
U029,recall,3,65,27.16,6,61.35,medium
U030,pattern,1,65,8.56,5,67.93,medium
U030,attention,3,69,30.46,5,64.16,medium
U030,memory,2,94,10.86,6,86.54,hard
U030,recall,3,45,18.69,4,51.89,easy
U030,pattern,1,61,29.04,1,62.99,medium
U030,memory,3,72,13.24,5,71.43,medium
U030,pattern,3,92,25.43,2,84.77,hard
U030,attention,1,49,14.91,2,57.83,easy
U030,attention,3,44,12.78,7,49.97,easy
U030,recall,3,88,23.65,5,79.5,medium
U031,pattern,1,68,9.84,7,67.65,medium
U031,pattern,2,77,9.52,8,73.04,medium
U031,memory,2,69,20.2,0,72.24,medium
U031,pattern,2,44,25.41,1,52.18,easy
U031,recall,2,77,22.97,0,77.01,medium
U031,recall,3,81,13.08,7,75.78,medium
U031,attention,1,68,10.79,5,69.36,medium
U031,memory,3,81,12.66,3,79.9,medium
U031,recall,2,73,22.11,2,72.47,medium
U031,pattern,2,98,15.64,6,87.91,hard
U032,pattern,3,78,9.41,5,76.78,medium
U032,memory,2,46,23.07,6,49.28,easy
U032,pattern,2,86,30.99,2,78.9,medium
U032,pattern,1,77,25.92,5,71.12,medium
U032,pattern,3,84,25.88,2,79.04,medium
U032,memory,2,75,18.17,5,72.05,medium
U032,attention,3,84,30.38,8,71.69,medium
U032,memory,3,82,19.43,5,76.57,medium
U032,memory,2,59,12.87,3,64.44,medium
U032,pattern,2,52,14.12,2,60.16,medium
U033,attention,1,58,30.8,1,60.36,medium
U033,memory,3,61,31.66,2,61.2,medium
U033,recall,1,50,12.88,2,59.14,easy
U033,recall,1,66,17.84,3,67.85,medium
U033,recall,3,58,28.31,7,55.11,easy
U033,attention,3,55,16.36,7,56.59,easy
U033,attention,2,83,33.57,7,71.03,medium
U033,recall,2,89,18.31,8,78.81,medium
U033,recall,1,92,13.39,2,88.38,hard
U033,pattern,1,81,20.98,5,75.41,medium
U034,memory,3,94,21.93,1,88.22,hard
U034,pattern,1,88,12.33,7,80.9,hard
U034,attention,2,45,33.55,3,48.44,easy
U034,recall,2,41,19.2,6,46.94,easy
U034,pattern,1,64,34.85,5,59.34,easy
U034,attention,1,60,33.13,5,57.06,easy
U034,attention,1,42,15.75,7,47.67,easy
U034,attention,3,70,20.11,0,72.97,medium
U034,memory,1,56,13.82,2,63.05,medium
U034,recall,1,89,15.78,4,83.57,hard
U035,memory,1,55,19.34,7,55.7,easy
U035,memory,1,93,32.44,8,77.37,medium
U035,memory,3,72,23.53,2,71.34,medium
U035,pattern,2,40,24.6,3,47.62,easy
U035,recall,1,82,26.04,8,71.59,medium
U035,pattern,1,73,22.69,8,66.29,medium
U035,memory,2,95,20.69,6,84.29,hard
U035,pattern,2,87,8.44,1,87.37,hard
U035,pattern,1,86,25.74,1,81.48,hard
U035,pattern,1,42,17.51,5,49.15,easy
U036,attention,3,69,34.48,7,60.96,medium
U036,attention,1,44,27.33,7,45.6,easy
U036,memory,2,52,9.18,3,60.65,medium
U036,memory,2,59,21.92,8,56.72,easy
U036,recall,2,42,28.34,3,47.9,easy
U036,pattern,2,95,29.08,5,82.78,hard
U036,pattern,1,91,17.94,6,82.32,hard
U036,recall,2,61,34.29,7,55.41,easy
U036,recall,2,91,22.02,1,86.09,hard
U036,recall,1,67,24.27,2,67.62,medium
U037,pattern,2,46,10.16,4,55.15,easy
U037,pattern,2,78,27.38,2,74.39,medium
U037,recall,2,68,9.14,5,69.86,medium
U037,recall,2,80,34.46,0,75.66,medium
U037,memory,3,80,18.97,8,72.31,medium
U037,attention,1,49,30.91,7,48.03,easy
U037,memory,1,44,14.37,5,51.49,easy
U037,pattern,2,76,8.87,2,78.54,medium
U037,recall,2,63,19.99,1,67.1,medium
U037,attention,3,63,18.75,4,64.47,medium
U038,attention,1,41,27.86,7,43.34,easy
U038,recall,3,47,15.07,4,54.38,easy
U038,recall,1,79,15.71,7,73.59,medium
U038,attention,1,48,31.03,7,47.29,easy
U038,attention,3,68,34.93,5,62.12,medium
U038,pattern,3,44,22.85,4,49.94,easy
U038,pattern,1,85,27.16,2,79.35,medium
U038,pattern,3,54,11.28,3,61.42,medium
U038,attention,1,90,21.34,5,81.6,hard
U038,pattern,2,91,34.54,2,81.34,hard
U039,memory,1,59,18.75,7,58.67,easy
U039,recall,2,92,23.52,2,85.34,hard
U039,pattern,3,44,20.15,8,46.75,easy
U039,pattern,1,96,30.38,8,80.09,hard
U039,attention,1,67,21.58,0,70.43,medium
U039,memory,3,49,16.21,2,57.44,easy
U039,pattern,3,54,17.34,8,54.6,easy
U039,pattern,1,56,13.3,8,57.21,easy
U039,pattern,1,80,16.18,8,73.15,medium
U039,memory,3,81,12.55,2,80.94,hard
U040,attention,3,79,27.46,5,72.06,medium
U040,memory,1,45,9.23,4,54.73,easy
U040,attention,3,66,24.69,0,68.79,medium
U040,recall,3,74,15.82,4,73.05,medium
U040,recall,1,91,29.8,6,78.76,medium
U040,pattern,2,44,26.59,2,50.82,easy
U040,recall,2,70,20.54,5,67.84,medium
U040,attention,2,95,27.4,5,83.28,hard
U040,recall,1,88,18.0,8,78.2,medium
U040,memory,2,55,20.59,4,58.32,easy
U041,recall,1,49,10.61,4,57.12,easy
U041,recall,3,66,14.7,2,69.79,medium
U041,pattern,3,86,16.44,2,83.27,hard
U041,recall,3,69,21.47,4,67.86,medium
U041,recall,1,45,33.52,8,43.44,easy
U041,recall,1,53,23.75,0,59.97,easy
U041,memory,2,71,24.13,7,65.46,medium
U041,pattern,3,40,30.87,6,42.74,easy
U041,attention,2,86,17.88,6,78.84,medium
U041,pattern,1,65,9.38,8,64.69,medium
U042,attention,2,75,15.79,6,71.76,medium
U042,recall,3,57,30.28,1,59.82,easy
U042,attention,1,65,18.08,5,65.08,medium
U042,pattern,1,52,24.27,6,53.12,easy
U042,memory,1,42,11.7,5,50.89,easy
U042,recall,3,69,12.02,8,66.69,medium
U042,attention,2,79,16.6,6,74.32,medium
U042,pattern,3,61,21.7,8,58.19,easy
U042,recall,3,76,16.09,0,78.37,medium
U042,pattern,2,83,10.96,6,78.81,medium
U043,pattern,3,95,26.58,0,88.53,hard
U043,recall,2,81,29.14,3,74.96,medium
U043,memory,3,70,12.6,6,69.22,medium
U043,attention,3,55,8.85,1,64.84,medium
U043,attention,1,68,16.47,2,70.66,medium
U043,recall,3,53,19.08,7,54.38,easy
U043,memory,3,48,22.0,8,49.0,easy
U043,pattern,3,70,22.19,5,67.34,medium
U043,attention,2,98,22.39,8,83.88,hard
U043,pattern,3,89,31.43,4,78.87,medium
U044,recall,1,55,15.53,4,59.84,easy
U044,attention,2,89,15.8,3,84.56,hard
U044,recall,2,70,17.42,4,69.77,medium
U044,pattern,1,76,26.27,6,69.32,medium
U044,recall,2,89,29.72,4,79.38,medium
U044,memory,2,85,10.13,7,79.46,medium
U044,pattern,3,70,13.78,8,66.87,medium
U044,pattern,3,84,15.33,1,83.2,hard
U044,attention,1,43,26.09,8,44.27,easy
U044,attention,3,54,9.42,6,58.97,easy
U045,pattern,3,70,10.71,2,73.79,medium
U045,memory,3,50,18.99,7,52.3,easy
U045,recall,3,52,28.41,4,53.88,easy
U045,pattern,2,81,9.6,1,82.82,hard
U045,attention,3,87,27.52,0,82.64,hard
U045,attention,2,96,30.62,0,88.01,hard
U045,recall,2,51,33.29,4,51.71,easy
U045,memory,1,59,23.33,1,63.3,medium
U045,pattern,2,69,34.71,8,59.89,easy
U045,recall,1,94,21.61,4,85.32,hard
U046,attention,1,61,12.39,7,61.98,medium
U046,pattern,3,51,8.38,5,58.19,easy
U046,pattern,3,83,28.45,2,77.56,medium
U046,recall,2,72,16.85,6,69.34,medium
U046,memory,1,48,20.89,3,54.33,easy
U046,memory,2,64,14.36,4,66.49,medium
U046,pattern,2,77,27.52,0,75.64,medium
U046,pattern,3,63,26.7,0,66.09,medium
U046,memory,2,59,12.31,8,59.61,easy
U046,pattern,3,47,25.25,4,51.33,easy
U047,pattern,3,54,13.92,2,61.62,medium
U047,recall,1,69,28.19,5,64.84,medium
U047,recall,3,75,32.65,8,64.7,medium
U047,attention,1,83,28.38,1,78.59,medium
U047,recall,3,85,17.77,1,83.17,hard
U047,memory,3,97,21.65,8,83.41,hard
U047,attention,1,60,31.07,7,55.68,easy
U047,memory,3,53,27.36,7,51.89,easy
U047,memory,3,68,29.83,7,61.65,medium
U047,attention,3,66,20.33,0,70.1,medium
U048,recall,3,91,16.32,0,88.8,hard
U048,recall,2,92,8.08,3,88.98,hard
U048,memory,1,67,17.3,1,70.71,medium
U048,memory,1,70,8.86,6,70.34,medium
U048,attention,1,89,25.32,6,78.7,medium
U048,pattern,2,68,31.48,6,62.16,medium
U048,recall,1,83,34.03,8,69.89,medium
U048,attention,3,95,17.39,2,89.28,hard
U048,recall,3,48,27.65,3,52.3,easy
U048,memory,1,59,20.5,8,57.15,easy
U049,recall,3,64,30.23,3,62.73,medium
U049,recall,2,49,15.44,1,58.67,easy
U049,memory,3,66,24.6,0,68.82,medium
U049,attention,1,44,10.72,0,57.58,easy
U049,recall,3,83,26.99,0,80.0,hard
U049,attention,3,42,18.86,3,50.74,easy
U049,attention,1,48,21.61,4,53.12,easy
U049,attention,3,76,16.61,5,73.22,medium
U049,attention,2,96,11.87,8,85.64,hard
U049,attention,2,59,15.43,8,58.67,easy
U050,attention,3,83,19.53,7,75.24,medium
U050,memory,2,81,26.13,8,70.86,medium
U050,pattern,3,66,19.02,4,66.49,medium
U050,recall,1,88,22.52,3,81.84,hard
U050,attention,2,94,27.1,7,80.67,hard
U050,memory,3,66,34.13,8,57.96,easy
U050,attention,2,55,14.88,5,59.04,easy
U050,memory,2,94,18.02,8,82.39,hard
U050,attention,1,57,18.18,0,64.45,medium
U050,memory,1,91,28.57,8,77.13,medium
U051,attention,2,53,31.48,5,52.66,easy
U051,pattern,1,53,33.3,1,56.11,easy
U051,recall,1,84,24.32,3,78.5,medium
U051,recall,1,75,16.68,4,73.5,medium
U051,recall,2,74,25.52,4,70.14,medium
U051,pattern,2,72,31.84,7,63.85,medium
U051,memory,3,70,28.56,5,65.43,medium
U051,attention,2,60,19.18,3,63.25,medium
U051,attention,1,56,22.94,6,56.32,easy
U051,pattern,1,52,16.91,6,55.33,easy
U052,attention,2,75,25.67,5,69.8,medium
U052,pattern,2,86,25.33,7,75.6,medium
U052,recall,1,86,29.46,2,79.36,medium
U052,attention,3,74,21.18,8,67.45,medium
U052,memory,3,42,30.65,1,49.2,easy
U052,memory,1,66,11.71,3,69.69,medium
U052,memory,3,49,8.25,8,53.83,easy
U052,recall,2,43,24.68,7,45.7,easy
U052,recall,1,40,22.37,6,45.29,easy
U052,memory,1,73,27.5,8,64.85,medium
U053,pattern,1,72,29.96,6,65.41,medium
U053,attention,1,98,10.6,2,93.42,hard
U053,attention,1,79,22.21,5,73.64,medium
U053,pattern,2,45,18.07,6,50.08,easy
U053,recall,3,55,34.74,3,55.08,easy
U053,pattern,3,92,30.89,0,85.13,hard
U053,memory,2,64,18.18,7,62.35,medium
U053,memory,3,40,26.98,1,48.91,easy
U053,recall,2,81,29.18,1,76.95,medium
U053,memory,1,53,32.33,7,50.4,easy
U054,pattern,1,44,26.48,4,48.86,easy
U054,memory,1,94,16.49,3,87.85,hard
U054,attention,3,92,18.75,1,87.77,hard
U054,pattern,1,76,14.49,6,72.85,medium
U054,pattern,2,88,27.97,1,82.21,hard
U054,pattern,1,46,19.8,1,55.26,easy
U054,pattern,3,89,24.57,6,78.93,medium
U054,pattern,1,80,15.38,7,74.39,medium
U054,recall,1,62,22.93,6,60.52,medium
U054,recall,1,83,23.82,6,74.95,medium
U055,memory,3,58,29.55,1,60.73,medium
U055,memory,2,49,18.26,2,56.82,easy
U055,recall,2,63,10.88,0,70.84,medium
U055,pattern,2,63,28.56,1,64.53,medium
U055,attention,1,51,19.64,8,51.81,easy
U055,recall,1,41,10.42,8,47.57,easy
U055,memory,3,78,29.18,6,69.85,medium
U055,memory,2,66,18.47,1,69.66,medium
U055,attention,3,73,12.58,6,71.33,medium
U055,attention,1,57,16.13,7,58.06,easy
U056,attention,1,50,19.74,6,53.08,easy
U056,pattern,2,90,10.08,4,85.98,hard
U056,attention,3,80,21.39,3,76.58,medium
U056,recall,1,48,16.23,6,52.73,easy
U056,pattern,3,64,29.71,5,60.89,medium
U056,recall,2,67,30.02,2,65.89,medium
U056,pattern,2,78,33.58,3,71.53,medium
U056,recall,2,51,34.04,5,50.49,easy
U056,pattern,3,84,25.09,3,78.27,medium
U056,pattern,2,57,30.05,6,54.88,easy
U057,pattern,1,76,13.39,8,71.18,medium
U057,attention,3,89,22.85,7,78.44,medium
U057,attention,2,91,15.87,1,87.94,hard
U057,recall,3,71,11.76,4,72.17,medium
U057,attention,2,82,12.16,6,77.75,medium
U057,recall,1,68,34.75,7,60.17,medium
U057,recall,3,72,32.93,6,64.52,medium
U057,memory,2,84,32.18,8,71.15,medium
U057,memory,1,89,14.7,5,82.89,hard
U057,attention,3,79,9.2,6,76.54,medium
U058,pattern,2,46,8.28,4,55.72,easy
U058,attention,3,87,22.01,3,81.3,hard
U058,recall,2,65,20.5,8,61.35,medium
U058,attention,2,41,21.03,4,48.39,easy
U058,recall,1,47,30.45,2,51.77,easy
U058,pattern,2,61,20.29,3,63.61,medium
U058,recall,2,70,10.64,7,68.81,medium
U058,pattern,1,59,9.21,1,67.54,medium
U058,memory,2,81,10.95,2,81.41,hard
U058,attention,3,51,22.9,5,53.83,easy
U059,recall,2,54,29.54,2,56.94,easy
U059,attention,3,82,19.67,0,81.5,hard
U059,attention,2,77,19.6,0,78.02,medium
U059,attention,1,57,28.31,1,60.41,medium
U059,memory,3,51,17.88,3,57.34,easy
U059,recall,1,56,26.11,7,54.37,easy
U059,pattern,3,64,24.51,1,66.45,medium
U059,pattern,2,94,20.36,2,87.69,hard
U059,pattern,3,77,10.29,2,78.81,medium
U059,pattern,1,55,16.25,2,61.62,medium
U060,pattern,3,49,21.79,6,51.76,easy
U060,attention,3,64,19.42,7,61.97,medium
U060,attention,3,50,21.22,2,56.63,easy
U060,attention,2,93,20.18,0,89.05,hard
U060,pattern,1,71,11.69,6,70.19,medium
U060,recall,2,83,21.28,7,74.72,medium
U060,recall,1,45,23.27,3,51.52,easy
U060,pattern,1,57,14.07,4,61.68,medium
U060,attention,2,76,28.05,7,67.78,medium
U060,memory,3,47,15.23,8,50.33,easy
U061,pattern,3,92,28.43,7,78.87,medium
U061,attention,2,46,27.87,3,50.84,easy
U061,pattern,1,68,15.1,1,72.07,medium
U061,recall,1,89,29.92,3,80.32,hard
U061,pattern,3,79,25.08,2,75.78,medium
U061,attention,1,92,13.59,0,90.32,hard
U061,pattern,3,57,24.12,2,60.66,medium
U061,pattern,3,58,15.81,4,61.86,medium
U061,memory,1,88,29.21,0,82.84,hard
U061,pattern,3,48,26.94,2,53.52,easy
U062,attention,1,85,16.7,3,81.49,hard
U062,recall,2,49,23.59,4,53.22,easy
U062,recall,2,68,10.04,1,73.59,medium
U062,recall,3,87,15.51,5,81.25,hard
U062,recall,2,60,23.71,1,63.89,medium
U062,recall,3,82,26.83,1,78.35,medium
U062,recall,1,67,30.27,7,60.82,medium
U062,pattern,2,93,15.66,8,82.4,hard
U062,attention,3,94,21.1,5,84.47,hard
U062,memory,1,46,24.91,7,47.73,easy
U063,memory,1,94,12.27,7,85.12,hard
U063,memory,2,52,34.88,2,53.94,easy
U063,pattern,1,95,33.18,4,82.55,hard
U063,memory,3,63,14.76,5,64.67,medium
U063,attention,1,65,24.89,3,65.03,medium
U063,recall,3,45,27.0,0,53.4,easy
U063,attention,2,44,11.58,3,54.33,easy
U063,recall,1,40,26.78,1,48.97,easy
U063,recall,3,48,20.9,3,54.33,easy
U063,recall,1,86,29.76,1,80.27,hard
U064,pattern,2,96,16.08,6,86.38,hard
U064,attention,3,83,11.86,8,76.54,medium
U064,memory,3,81,12.43,5,77.97,medium
U064,attention,3,87,12.09,6,81.27,hard
U064,recall,1,45,32.21,2,49.84,easy
U064,memory,3,86,18.37,6,78.69,medium
U064,pattern,1,55,15.48,1,62.86,medium
U064,attention,3,78,24.2,4,73.34,medium
U064,memory,3,96,16.14,8,84.36,hard
U064,attention,3,65,15.98,0,70.71,medium
U065,attention,2,64,11.04,7,64.49,medium
U065,memory,3,96,34.4,5,81.88,hard
U065,pattern,1,64,31.24,6,59.43,easy
U065,pattern,3,83,12.66,7,77.3,medium
U065,memory,1,77,9.82,4,76.95,medium
U065,attention,1,43,33.61,6,44.02,easy
U065,pattern,3,85,21.53,6,77.04,medium
U065,recall,3,65,10.23,8,64.43,medium
U065,attention,2,45,16.37,8,48.59,easy
U065,attention,1,74,16.82,1,75.75,medium
U066,pattern,3,67,27.71,3,65.59,medium
U066,memory,1,45,32.96,1,50.61,easy
U066,recall,3,78,9.49,2,79.75,medium
U066,memory,1,85,11.7,0,85.99,hard
U066,attention,2,62,22.12,4,62.76,medium
U066,attention,2,48,28.24,4,51.13,easy
U066,memory,1,61,29.79,4,59.76,easy
U066,memory,2,85,34.33,1,78.2,medium
U066,recall,2,72,17.72,7,68.08,medium
U066,attention,2,50,14.89,1,59.53,easy
U067,memory,1,87,21.74,0,84.38,hard
U067,memory,1,42,20.74,6,47.18,easy
U067,attention,1,94,8.95,6,87.11,hard
U067,attention,2,55,19.24,5,57.73,easy
U067,pattern,1,76,18.07,8,69.78,medium
U067,memory,1,54,29.72,0,58.88,easy
U067,recall,1,96,20.56,4,87.03,hard
U067,pattern,2,45,22.93,0,54.62,easy
U067,pattern,1,58,23.22,4,59.63,easy
U067,attention,2,63,23.98,7,59.91,easy
U068,attention,3,97,22.76,3,88.07,hard
U068,attention,1,66,8.65,8,65.6,medium
U068,pattern,3,93,26.72,0,87.08,hard
U068,pattern,1,88,25.75,4,79.88,medium
U068,memory,1,73,34.54,6,64.74,medium
U068,recall,1,49,27.21,1,55.14,easy
U068,memory,1,97,30.83,6,82.65,hard
U068,pattern,2,87,10.29,1,86.81,hard
U068,attention,3,92,18.65,0,88.8,hard
U068,recall,3,48,14.39,4,55.28,easy
U069,pattern,2,84,30.46,5,74.66,medium
U069,pattern,2,57,14.31,3,62.61,medium
U069,attention,3,46,12.2,2,56.54,easy
U069,recall,2,60,18.98,8,58.31,easy
U069,pattern,1,68,16.32,4,68.7,medium
U069,memory,1,50,29.81,4,52.06,easy
U069,memory,1,93,31.13,2,83.76,hard
U069,memory,3,55,34.15,6,52.26,easy
U069,memory,3,59,15.02,2,64.79,medium
U069,memory,2,94,20.21,8,81.74,hard
U070,attention,1,69,10.75,2,73.08,medium
U070,memory,1,43,30.42,3,47.97,easy
U070,attention,1,92,18.82,1,87.75,hard
U070,pattern,1,41,34.92,3,45.22,easy
U070,recall,1,45,32.44,5,46.77,easy
U070,memory,1,69,9.37,6,69.49,medium
U070,recall,2,41,18.33,6,47.2,easy
U070,attention,2,53,32.52,4,53.34,easy
U070,pattern,2,96,12.01,3,90.6,hard
U070,pattern,2,66,31.84,7,59.65,easy
U071,memory,1,57,18.34,6,58.4,easy
U071,attention,3,96,29.52,3,85.34,hard
U071,memory,2,90,27.26,7,77.82,medium
U071,recall,2,98,23.27,5,86.62,hard
U071,recall,2,51,8.7,3,60.09,medium
U071,memory,2,43,29.83,7,44.15,easy
U071,pattern,3,54,34.3,1,56.51,easy
U071,attention,3,55,15.2,0,63.94,medium
U071,attention,3,94,34.53,6,79.44,medium
U071,pattern,1,51,14.39,5,56.38,easy
U072,pattern,3,41,26.99,5,45.6,easy
U072,attention,3,52,30.59,7,50.22,easy
U072,pattern,1,71,9.03,0,76.99,medium
U072,attention,3,54,8.54,7,58.24,easy
U072,memory,2,98,24.58,2,89.23,hard
U072,pattern,3,51,32.81,5,50.86,easy
U072,memory,1,49,23.84,2,55.15,easy
U072,memory,3,95,17.85,1,90.14,hard
U072,pattern,3,82,18.68,1,80.8,hard
U072,pattern,2,60,11.68,2,66.5,medium
U073,recall,3,71,25.53,2,70.04,medium
U073,pattern,1,82,23.9,2,78.23,medium
U073,recall,2,86,26.59,2,80.22,hard
U073,attention,3,40,33.62,6,41.91,easy
U073,memory,1,78,16.59,3,76.62,medium
U073,memory,2,49,16.94,1,58.22,easy
U073,attention,2,60,12.53,1,67.24,medium
U073,pattern,2,40,15.16,3,50.45,easy
U073,memory,2,56,29.25,0,60.42,medium
U073,memory,2,68,27.78,2,67.27,medium
U074,recall,2,96,18.23,8,83.73,hard
U074,recall,1,93,20.95,3,85.81,hard
U074,attention,2,44,29.58,0,51.93,easy
U074,pattern,1,60,15.05,1,66.48,medium
U074,memory,2,50,31.97,2,53.41,easy
U074,memory,3,97,34.41,5,82.58,hard
U074,recall,3,41,19.65,2,50.8,easy
U074,recall,1,43,10.73,3,53.88,easy
U074,attention,2,84,22.96,8,73.91,medium
U074,pattern,3,58,16.03,1,64.79,medium
U075,memory,2,76,22.84,7,69.35,medium
U075,attention,1,63,8.1,1,70.67,medium
U075,pattern,3,80,24.21,3,75.74,medium
U075,memory,1,53,12.61,4,59.32,easy
U075,memory,2,94,11.12,6,86.46,hard
U075,recall,2,97,25.85,1,89.14,hard
U075,recall,1,63,31.91,5,59.53,easy
U075,attention,2,42,15.11,7,47.87,easy
U075,pattern,1,93,15.25,0,90.52,hard
U075,attention,3,82,10.61,5,79.22,medium
U076,recall,3,54,22.95,6,54.91,easy
U076,recall,3,83,31.41,7,71.68,medium
U076,attention,2,59,10.13,0,68.26,medium
U076,attention,1,88,20.12,2,83.56,hard
U076,attention,1,48,9.15,1,59.85,easy
U076,recall,1,92,24.94,4,82.92,hard
U076,pattern,3,98,29.8,1,88.66,hard
U076,recall,3,65,22.91,4,64.63,medium
U076,recall,1,90,26.91,8,76.93,medium
U076,recall,1,66,12.04,1,71.59,medium
U077,memory,3,89,10.73,4,85.08,hard
U077,pattern,2,56,18.34,7,56.7,easy
U077,recall,1,51,15.44,2,59.07,easy
U077,recall,1,65,32.02,5,60.89,medium
U077,attention,1,87,20.83,4,80.65,hard
U077,pattern,1,61,30.07,4,59.68,easy
U077,pattern,2,93,21.27,1,87.72,hard
U077,attention,1,59,34.3,7,54.01,easy
U077,pattern,2,86,19.25,1,83.42,hard
U077,attention,2,53,32.66,6,51.3,easy
U078,recall,3,95,18.1,0,91.07,hard
U078,attention,1,59,27.16,6,57.15,easy
U078,attention,3,96,23.35,2,88.19,hard
U078,attention,1,93,9.56,0,92.23,hard
U078,recall,1,98,17.73,3,90.28,hard
U078,pattern,2,92,20.53,6,82.24,hard
U078,memory,3,41,14.53,7,47.34,easy
U078,recall,1,95,20.81,8,82.26,hard
U078,pattern,2,50,30.62,4,51.81,easy
U078,memory,2,41,18.44,2,51.17,easy
U079,attention,1,81,14.08,3,79.48,medium
U079,pattern,3,66,21.86,0,69.64,medium
U079,recall,1,81,12.68,0,82.9,hard
U079,attention,2,78,29.74,4,71.68,medium
U079,pattern,2,97,18.16,5,87.45,hard
U079,recall,2,53,20.6,8,52.92,easy
U079,recall,3,46,8.2,5,54.74,easy
U079,pattern,2,83,10.92,1,83.82,hard
U079,pattern,2,80,16.78,4,76.97,medium
U079,pattern,3,85,33.71,4,75.39,medium
U080,attention,1,73,28.67,0,72.5,medium
U080,recall,3,60,26.38,0,64.09,medium
U080,recall,2,56,32.49,6,53.45,easy
U080,recall,3,42,23.74,3,49.28,easy
U080,pattern,3,85,14.0,8,77.3,medium
U080,recall,3,62,21.7,2,64.89,medium
U080,attention,2,46,20.71,4,51.99,easy
U080,attention,3,97,17.06,1,91.78,hard
U080,attention,2,54,28.09,4,55.37,easy
U080,recall,2,63,15.04,4,65.59,medium
U081,recall,1,70,9.45,1,75.17,medium
U081,recall,1,72,11.24,6,71.03,medium
U081,pattern,2,43,31.51,2,48.65,easy
U081,attention,1,61,19.05,7,59.98,easy
U081,attention,2,95,27.32,1,87.3,hard
U081,recall,2,80,34.64,5,70.61,medium
U081,memory,1,68,15.39,2,70.98,medium
U081,attention,2,90,28.62,1,83.41,hard
U081,attention,3,67,25.1,6,63.37,medium
U081,recall,2,64,8.13,8,64.36,medium
U082,attention,3,63,33.65,5,59.0,easy
U082,attention,1,83,8.11,3,82.67,hard
U082,attention,3,96,17.3,2,90.01,hard
U082,memory,2,72,23.89,2,71.23,medium
U082,memory,1,59,33.61,7,54.22,easy
U082,pattern,2,96,26.54,2,87.24,hard
U082,pattern,2,62,28.25,2,62.92,medium
U082,recall,1,54,14.06,2,61.58,medium
U082,attention,3,41,23.92,2,49.52,easy
U082,memory,2,85,25.56,0,81.83,hard
U083,recall,3,56,28.82,0,60.55,medium
U083,memory,3,46,25.65,0,54.5,easy
U083,memory,3,47,19.25,6,51.12,easy
U083,memory,3,56,20.81,2,60.96,medium
U083,attention,3,83,25.02,4,76.59,medium
U083,recall,3,46,25.89,4,50.43,easy
U083,attention,2,93,32.26,8,77.42,medium
U083,memory,2,47,29.19,7,47.14,easy
U083,attention,3,52,29.0,8,49.7,easy
U083,attention,2,85,19.06,2,81.78,hard
U084,memory,3,71,32.58,7,62.93,medium
U084,pattern,1,40,8.34,1,54.5,easy
U084,memory,3,82,21.34,1,80.0,hard
U084,memory,3,86,10.73,4,82.98,hard
U084,attention,2,58,15.13,0,66.06,medium
U084,memory,1,95,9.07,4,89.78,hard
U084,pattern,3,60,19.5,1,65.15,medium
U084,memory,1,40,31.0,2,46.7,easy
U084,pattern,2,97,19.82,4,87.95,hard
U084,memory,2,92,17.25,1,88.22,hard
U085,recall,2,69,15.34,6,67.7,medium
U085,recall,2,81,31.93,2,75.12,medium
U085,memory,1,84,27.61,2,78.52,medium
U085,memory,2,98,23.95,7,84.41,hard
U085,attention,3,64,29.04,0,66.09,medium
U085,attention,2,98,21.18,6,86.25,hard
U085,recall,1,44,15.06,5,51.28,easy
U085,memory,3,95,26.3,3,85.61,hard
U085,pattern,3,73,26.58,1,72.13,medium
U085,recall,3,86,14.71,5,80.79,hard
U086,recall,1,93,30.31,0,86.01,hard
U086,memory,3,50,21.65,7,51.51,easy
U086,recall,1,44,28.29,5,47.31,easy
U086,attention,2,57,9.36,3,64.09,medium
U086,recall,2,92,14.34,7,83.1,hard
U086,recall,3,68,10.38,7,67.49,medium
U086,recall,2,47,34.48,0,52.56,easy
U086,memory,2,66,8.97,8,65.51,medium
U086,memory,1,90,24.31,4,81.71,hard
U086,attention,3,82,20.32,5,76.3,medium
U087,pattern,1,92,14.02,7,83.19,hard
U087,pattern,3,89,24.73,7,77.88,medium
U087,pattern,3,68,11.08,3,71.28,medium
U087,memory,2,62,30.41,4,60.28,medium
U087,pattern,3,46,9.24,2,57.43,easy
U087,recall,1,92,27.36,6,80.19,hard
U087,memory,2,79,13.29,1,80.31,hard
U087,recall,1,69,30.26,3,66.22,medium
U087,pattern,1,88,19.19,1,84.84,hard
U087,recall,2,82,23.91,8,72.23,medium
U088,attention,2,40,22.32,0,51.3,easy
U088,recall,3,70,32.96,2,67.11,medium
U088,attention,3,92,11.47,6,84.96,hard
U088,pattern,3,96,18.39,3,88.68,hard
U088,pattern,2,61,34.2,7,55.44,easy
U088,attention,1,66,24.27,8,60.92,medium
U088,pattern,3,75,31.24,8,65.13,medium
U088,attention,1,53,24.85,4,55.64,easy
U088,pattern,3,48,34.5,2,51.25,easy
U088,pattern,3,47,28.54,8,46.34,easy
U089,recall,3,76,33.45,6,67.16,medium
U089,pattern,2,91,8.34,1,90.2,hard
U089,memory,2,49,9.43,0,61.47,medium
U089,attention,2,88,29.21,4,78.84,medium
U089,pattern,1,93,9.67,4,88.2,hard
U089,attention,3,42,17.68,7,47.1,easy
U089,memory,3,95,26.24,8,80.63,hard
U089,attention,3,81,23.15,3,76.75,medium
U089,pattern,3,82,9.27,6,78.62,medium
U089,recall,2,90,34.35,5,77.69,medium
U090,memory,1,87,14.79,7,79.46,medium
U090,attention,3,85,27.16,5,76.35,medium
U090,attention,3,52,15.94,2,59.62,easy
U090,memory,1,51,27.85,1,56.34,easy
U090,recall,1,67,15.54,4,68.24,medium
U090,attention,1,77,30.84,0,74.65,medium
U090,pattern,2,85,33.31,0,79.51,medium
U090,attention,2,78,9.37,4,77.79,medium
U090,recall,3,75,17.67,5,72.2,medium
U090,attention,1,73,9.84,8,70.15,medium
U091,attention,2,74,22.5,1,74.05,medium
U091,pattern,1,96,13.76,5,88.07,hard
U091,pattern,2,58,13.9,8,58.43,easy
U091,recall,3,92,28.31,0,85.91,hard
U091,memory,3,62,20.03,3,64.39,medium
U091,memory,3,96,16.67,1,91.2,hard
U091,recall,2,74,27.55,0,73.53,medium
U091,pattern,3,91,21.74,7,80.18,hard
U091,memory,2,97,25.59,5,85.22,hard
U091,memory,1,50,34.23,8,46.73,easy
U092,memory,3,44,13.69,3,53.69,easy
U092,recall,1,53,22.52,6,54.34,easy
U092,memory,3,83,12.15,7,77.45,medium
U092,pattern,1,45,9.98,2,56.51,easy
U092,pattern,3,44,23.52,3,50.74,easy
U092,pattern,2,64,20.18,6,62.75,medium
U092,recall,2,41,18.52,1,52.14,easy
U092,memory,3,86,24.7,0,82.79,hard
U092,memory,2,72,10.87,4,73.14,medium
U092,memory,2,88,33.02,6,75.69,medium
U093,recall,3,41,20.8,8,44.46,easy
U093,attention,1,87,18.56,8,77.33,medium
U093,pattern,3,49,16.05,5,54.48,easy
U093,memory,3,95,22.99,1,88.6,hard
U093,memory,1,76,24.11,8,67.97,medium
U093,memory,2,53,28.2,5,53.64,easy
U093,attention,2,97,25.44,8,82.27,hard
U093,attention,1,51,13.96,4,57.51,easy
U093,attention,1,51,26.12,0,57.86,easy
U093,recall,3,75,9.97,1,78.51,medium
U094,pattern,1,52,27.59,7,51.12,easy
U094,pattern,2,48,26.12,3,52.76,easy
U094,memory,2,79,9.88,3,79.34,medium
U094,pattern,2,68,16.87,4,68.54,medium
U094,attention,3,76,17.84,5,72.85,medium
U094,recall,1,40,16.46,3,50.06,easy
U094,recall,2,93,17.71,5,84.79,hard
U094,recall,2,68,17.69,4,68.29,medium
U094,recall,3,46,12.75,1,57.38,easy
U094,pattern,1,97,22.54,4,87.14,hard
U095,memory,3,44,32.09,8,43.17,easy
U095,memory,3,77,18.94,3,75.22,medium
U095,memory,3,56,22.67,8,54.4,easy
U095,recall,3,89,12.01,6,82.7,hard
U095,attention,3,86,31.14,2,78.86,medium
U095,recall,3,72,10.44,5,72.27,medium
U095,memory,3,55,30.9,2,57.23,easy
U095,attention,2,50,12.84,2,59.15,easy
U095,recall,2,42,13.91,7,48.23,easy
U095,attention,1,56,17.97,0,63.81,medium
U096,attention,3,98,29.37,6,83.79,hard
U096,recall,2,96,9.25,5,89.42,hard
U096,memory,3,73,25.11,4,69.57,medium
U096,pattern,3,74,23.39,6,68.78,medium
U096,recall,2,77,25.64,1,75.21,medium
U096,pattern,2,98,14.02,6,88.39,hard
U096,pattern,2,71,29.4,0,70.88,medium
U096,attention,2,50,14.21,8,52.74,easy
U096,pattern,1,49,13.05,5,55.38,easy
U096,memory,3,54,19.19,5,57.04,easy
U097,memory,2,83,20.93,3,78.82,medium
U097,attention,3,93,19.09,3,86.37,hard
U097,memory,1,76,23.99,2,74.0,medium
U097,memory,3,49,9.51,4,57.45,easy
U097,attention,3,65,24.18,0,68.25,medium
U097,pattern,1,53,20.13,7,54.06,easy
U097,recall,1,54,30.42,2,56.67,easy
U097,attention,3,82,21.79,2,78.86,medium
U097,pattern,2,78,23.95,3,74.41,medium
U097,recall,2,48,10.93,3,57.32,easy
U098,recall,1,78,10.6,7,74.42,medium
U098,memory,3,72,28.31,1,70.91,medium
U098,recall,3,48,32.35,8,45.89,easy
U098,memory,3,81,19.65,6,74.8,medium
U098,pattern,1,84,22.31,3,79.11,medium
U098,recall,2,62,23.9,1,65.23,medium
U098,recall,1,56,20.88,3,59.94,easy
U098,memory,2,78,31.67,6,69.1,medium
U098,pattern,1,40,27.15,0,49.86,easy
U098,memory,3,40,18.13,3,49.56,easy
U099,pattern,2,63,10.88,6,64.84,medium
U099,pattern,2,94,22.47,5,84.06,hard
U099,pattern,3,65,28.38,6,60.99,medium
U099,recall,1,63,23.1,7,60.17,medium
U099,pattern,2,76,17.3,6,72.01,medium
U099,attention,3,47,28.19,7,47.44,easy
U099,attention,1,53,21.73,5,55.58,easy
U099,memory,1,64,34.04,0,64.59,medium
U099,memory,1,70,33.0,6,63.1,medium
U099,memory,1,56,13.99,1,64.0,medium
U100,memory,3,64,33.13,6,58.86,easy
U100,pattern,3,78,9.55,2,79.73,medium
U100,recall,2,40,13.45,8,45.97,easy
U100,pattern,1,42,29.17,8,42.65,easy
U100,attention,3,50,26.2,5,52.14,easy
U100,attention,3,40,34.34,1,46.7,easy
U100,pattern,2,62,26.08,6,59.58,easy
U100,attention,3,40,27.9,1,48.63,easy
U100,memory,3,58,27.61,8,54.32,easy
U100,pattern,2,92,15.47,3,86.76,hard
